INSERT INTO heli_development.public.cyclic_servos(id, part_number, max_torque, max_speed, size, manufacturer_id, size_id, name, created_at, updated_at) VALUES (1, 'FUTM0523', 147, 10, '600', 27, 6, null, null, null);
INSERT INTO heli_development.public.cyclic_servos(id, part_number, max_torque, max_speed, size, manufacturer_id, size_id, name, created_at, updated_at) VALUES (2, 'HSD61001', 180, 8, '700', 2, 7, null, null, null);
INSERT INTO heli_development.public.elec_motors(id, part_number, size, manufacturer_id, size_id, name, created_at, updated_at) VALUES (2, 'HK-4530-540', '700', 39, 7, 'Scorpion 540kv 700 Class Motor', null, null);
INSERT INTO heli_development.public.elec_motors(id, part_number, size, manufacturer_id, size_id, name, created_at, updated_at) VALUES (3, 'HML70M03', '700', 2, 7, 'Align 700mx Heli Motor', null, null);
INSERT INTO heli_development.public.elec_motors(id, part_number, size, manufacturer_id, size_id, name, created_at, updated_at) VALUES (4, 'HML60M02', '600', 2, 6, 'Align 600mx Heli Motor', null, null);
INSERT INTO heli_development.public.engines(id, part_number, size, manufacturer_id, size_id, name, created_at, updated_at) VALUES (1, 'YSE0076', '700+', 32, 7, 'YS 120SR', null, null);
INSERT INTO heli_development.public.engines(id, part_number, size, manufacturer_id, size_id, name, created_at, updated_at) VALUES (2, 'OSMG1961', '700+', 31, 8, 'OS 105 HZ-R', null, null);
INSERT INTO heli_development.public.engines(id, part_number, size, manufacturer_id, size_id, name, created_at, updated_at) VALUES (3, 'OSMG1955', '600', 31, 6, 'OS 55HZ', null, null);
INSERT INTO heli_development.public.engines(id, part_number, size, manufacturer_id, size_id, name, created_at, updated_at) VALUES (4, 'YSE0015', '600', 32, 6, 'YS 56SR', null, null);
INSERT INTO heli_development.public.exhausts(id, part_number, size, works_with, manufacturer_id, size_id, name, created_at, updated_at) VALUES (1, 'SB-22FH', '700+', 'OS 105', 34, 8, null, null, null);
INSERT INTO heli_development.public.exhausts(id, part_number, size, works_with, manufacturer_id, size_id, name, created_at, updated_at) VALUES (2, 'SB-23H', '700+', 'YS120', 34, 8, null, null, null);
INSERT INTO heli_development.public.exhausts(id, part_number, size, works_with, manufacturer_id, size_id, name, created_at, updated_at) VALUES (3, 'SAB-55', '600', 'OS 55 or YS 56', 34, 6, null, null, null);
INSERT INTO heli_development.public.fbl_units(id, part_number, size, manufacturer_id, size_id, name, created_at, updated_at) VALUES (1, 'FUTM0835', 'All', 27, 9, null, null, null);
INSERT INTO heli_development.public.fbl_units(id, part_number, size, manufacturer_id, size_id, name, created_at, updated_at) VALUES (2, 'MIK4991', 'All', 17, 9, null, null, null);
INSERT INTO heli_development.public.governors(id, part_number, size, manufacturer_id, size_id, name, created_at, updated_at) VALUES (1, 'HE50H09', 'All', 2, 9, null, null, null);
INSERT INTO heli_development.public.heli_kits(id, name, part_number, size, power, manufacturer_id, size_id, created_at, updated_at) VALUES (10, 'Align T-Rex 700E V2 3GX Flybarless Super Combo ', 'KX018E12', '700', 'Electric', 2, 7, null, null);
INSERT INTO heli_development.public.heli_kits(id, name, part_number, size, power, manufacturer_id, size_id, created_at, updated_at) VALUES (11, 'Align T-Rex 700 Nitro LE 3G Flybarless Combo', 'KX018008', '700', 'Nitro', 2, 7, null, null);
INSERT INTO heli_development.public.heli_kits(id, name, part_number, size, power, manufacturer_id, size_id, created_at, updated_at) VALUES (12, 'Align T-Rex 600 Nitro V2 LE Combo - Flybarred', 'KX0160NPLA', '600', 'Nitro', 2, 6, null, null);
INSERT INTO heli_development.public.main_blades(id, part_number, blade_length, size, manufacturer_id, size_id, name, created_at, updated_at) VALUES (2, 'LE-713FBL', 713, '700', 37, 7, null, null, null);
INSERT INTO heli_development.public.main_blades(id, part_number, blade_length, size, manufacturer_id, size_id, name, created_at, updated_at) VALUES (3, 'LE-603FB', 603, '600', 37, 6, null, null, null);
INSERT INTO heli_development.public.main_blades(id, part_number, blade_length, size, manufacturer_id, size_id, name, created_at, updated_at) VALUES (4, 'LE-603FBL', 603, '600', 37, 6, null, null, null);
INSERT INTO heli_development.public.manufacturers(id, name, created_at, updated_at) VALUES (1, 'AleeS R/C', null, null);
INSERT INTO heli_development.public.manufacturers(id, name, created_at, updated_at) VALUES (2, 'Align', null, null);
INSERT INTO heli_development.public.manufacturers(id, name, created_at, updated_at) VALUES (3, 'Audacity', null, null);
INSERT INTO heli_development.public.manufacturers(id, name, created_at, updated_at) VALUES (4, 'Avant', null, null);
INSERT INTO heli_development.public.manufacturers(id, name, created_at, updated_at) VALUES (5, 'Beam', null, null);
INSERT INTO heli_development.public.manufacturers(id, name, created_at, updated_at) VALUES (6, 'Century', null, null);
INSERT INTO heli_development.public.manufacturers(id, name, created_at, updated_at) VALUES (7, 'Compass', null, null);
INSERT INTO heli_development.public.manufacturers(id, name, created_at, updated_at) VALUES (8, 'E-Flite', null, null);
INSERT INTO heli_development.public.manufacturers(id, name, created_at, updated_at) VALUES (9, 'ELY.Q', null, null);
INSERT INTO heli_development.public.manufacturers(id, name, created_at, updated_at) VALUES (10, 'Gaui', null, null);
INSERT INTO heli_development.public.manufacturers(id, name, created_at, updated_at) VALUES (11, 'HeliMax/Novus', null, null);
INSERT INTO heli_development.public.manufacturers(id, name, created_at, updated_at) VALUES (12, 'Henseleit', null, null);
INSERT INTO heli_development.public.manufacturers(id, name, created_at, updated_at) VALUES (13, 'Hirobo', null, null);
INSERT INTO heli_development.public.manufacturers(id, name, created_at, updated_at) VALUES (14, 'JR Heli Division', null, null);
INSERT INTO heli_development.public.manufacturers(id, name, created_at, updated_at) VALUES (15, 'Kasama', null, null);
INSERT INTO heli_development.public.manufacturers(id, name, created_at, updated_at) VALUES (16, 'Kyosho', null, null);
INSERT INTO heli_development.public.manufacturers(id, name, created_at, updated_at) VALUES (17, 'Mikado', null, null);
INSERT INTO heli_development.public.manufacturers(id, name, created_at, updated_at) VALUES (18, 'Miniature Aircraft', null, null);
INSERT INTO heli_development.public.manufacturers(id, name, created_at, updated_at) VALUES (19, 'MSH Protos', null, null);
INSERT INTO heli_development.public.manufacturers(id, name, created_at, updated_at) VALUES (20, 'NextD Rave', null, null);
INSERT INTO heli_development.public.manufacturers(id, name, created_at, updated_at) VALUES (21, 'Outrage', null, null);
INSERT INTO heli_development.public.manufacturers(id, name, created_at, updated_at) VALUES (22, 'SAB', null, null);
INSERT INTO heli_development.public.manufacturers(id, name, created_at, updated_at) VALUES (23, 'Shape', null, null);
INSERT INTO heli_development.public.manufacturers(id, name, created_at, updated_at) VALUES (24, 'Synergy', null, null);
INSERT INTO heli_development.public.manufacturers(id, name, created_at, updated_at) VALUES (25, 'Thunder Tiger', null, null);
INSERT INTO heli_development.public.manufacturers(id, name, created_at, updated_at) VALUES (26, 'YS Engines', null, null);
INSERT INTO heli_development.public.manufacturers(id, name, created_at, updated_at) VALUES (27, 'Futaba', null, null);
INSERT INTO heli_development.public.manufacturers(id, name, created_at, updated_at) VALUES (28, 'Spektrum', null, null);
INSERT INTO heli_development.public.manufacturers(id, name, created_at, updated_at) VALUES (29, 'MKS', null, null);
INSERT INTO heli_development.public.manufacturers(id, name, created_at, updated_at) VALUES (30, 'Savox', null, null);
INSERT INTO heli_development.public.manufacturers(id, name, created_at, updated_at) VALUES (31, 'O.S. Engines', null, null);
INSERT INTO heli_development.public.manufacturers(id, name, created_at, updated_at) VALUES (32, 'Y.S. Engines', null, null);
INSERT INTO heli_development.public.manufacturers(id, name, created_at, updated_at) VALUES (33, 'BeastX', null, null);
INSERT INTO heli_development.public.manufacturers(id, name, created_at, updated_at) VALUES (34, 'Hatori ', null, null);
INSERT INTO heli_development.public.manufacturers(id, name, created_at, updated_at) VALUES (35, 'Funtech', null, null);
INSERT INTO heli_development.public.manufacturers(id, name, created_at, updated_at) VALUES (36, 'Curtis Youngblood', null, null);
INSERT INTO heli_development.public.manufacturers(id, name, created_at, updated_at) VALUES (37, 'Edge Rotorblades', null, null);
INSERT INTO heli_development.public.manufacturers(id, name, created_at, updated_at) VALUES (38, 'Neu Motors', null, null);
INSERT INTO heli_development.public.manufacturers(id, name, created_at, updated_at) VALUES (39, 'Scorpion Motors', null, null);
INSERT INTO heli_development.public.manufacturers(id, name, created_at, updated_at) VALUES (40, 'KDE', null, null);
INSERT INTO heli_development.public.manufacturers(id, name, created_at, updated_at) VALUES (41, 'Castle Creations', null, null);
INSERT INTO heli_development.public.paddles(id, part_number, paddle_length, size, manufacturer_id, size_id, name, created_at, updated_at) VALUES (1, 'LE-83-3', 83, '600', 37, 6, 'Edge 83mm Premium Paddles', null, null);
INSERT INTO heli_development.public.paddles(id, part_number, paddle_length, size, manufacturer_id, size_id, name, created_at, updated_at) VALUES (2, 'LE-93-4', 93, '700', 37, 7, 'Edge 93mm Premium Paddles', null, null);
INSERT INTO heli_development.public.projects(id, user_id, electric, flybarless, heli_kit_id, elec_motor_id, engine_id, exhaust_id, speed_control_id, cyclic_servo_id, rudder_servo_id, throttle_servo_id, rudder_gyro_id, fbl_unit_id, receiver_id, governor_id, main_blade_id, tail_blade_id, paddle_id, created_at, updated_at, name) VALUES (13, null, null, null, null, null, null, null, null, null, null, null, null, null, null, null, null, null, null, '2012-05-23 17:57:57.489004', '2012-05-23 17:57:57.489004', null);
INSERT INTO heli_development.public.projects(id, user_id, electric, flybarless, heli_kit_id, elec_motor_id, engine_id, exhaust_id, speed_control_id, cyclic_servo_id, rudder_servo_id, throttle_servo_id, rudder_gyro_id, fbl_unit_id, receiver_id, governor_id, main_blade_id, tail_blade_id, paddle_id, created_at, updated_at, name) VALUES (14, null, null, null, null, null, null, null, null, null, null, null, null, null, null, null, null, null, null, '2012-05-23 17:59:30.696931', '2012-05-23 17:59:30.696931', null);
INSERT INTO heli_development.public.projects(id, user_id, electric, flybarless, heli_kit_id, elec_motor_id, engine_id, exhaust_id, speed_control_id, cyclic_servo_id, rudder_servo_id, throttle_servo_id, rudder_gyro_id, fbl_unit_id, receiver_id, governor_id, main_blade_id, tail_blade_id, paddle_id, created_at, updated_at, name) VALUES (15, null, null, null, null, null, null, null, null, null, null, null, null, null, null, null, null, null, null, '2012-05-23 18:09:16.764111', '2012-05-23 18:09:16.764111', null);
INSERT INTO heli_development.public.projects(id, user_id, electric, flybarless, heli_kit_id, elec_motor_id, engine_id, exhaust_id, speed_control_id, cyclic_servo_id, rudder_servo_id, throttle_servo_id, rudder_gyro_id, fbl_unit_id, receiver_id, governor_id, main_blade_id, tail_blade_id, paddle_id, created_at, updated_at, name) VALUES (16, null, null, null, null, null, null, null, null, null, null, null, null, null, null, null, null, null, null, '2012-05-23 18:15:32.316554', '2012-05-23 18:15:32.316554', null);
INSERT INTO heli_development.public.projects(id, user_id, electric, flybarless, heli_kit_id, elec_motor_id, engine_id, exhaust_id, speed_control_id, cyclic_servo_id, rudder_servo_id, throttle_servo_id, rudder_gyro_id, fbl_unit_id, receiver_id, governor_id, main_blade_id, tail_blade_id, paddle_id, created_at, updated_at, name) VALUES (17, null, null, null, null, null, null, null, null, null, null, null, null, null, null, null, null, null, null, '2012-05-23 18:16:32.250284', '2012-05-23 18:16:32.250284', null);
INSERT INTO heli_development.public.projects(id, user_id, electric, flybarless, heli_kit_id, elec_motor_id, engine_id, exhaust_id, speed_control_id, cyclic_servo_id, rudder_servo_id, throttle_servo_id, rudder_gyro_id, fbl_unit_id, receiver_id, governor_id, main_blade_id, tail_blade_id, paddle_id, created_at, updated_at, name) VALUES (18, null, null, null, null, null, null, null, null, null, null, null, null, null, null, null, null, null, null, '2012-05-23 18:18:54.150081', '2012-05-23 18:18:54.150081', null);
INSERT INTO heli_development.public.projects(id, user_id, electric, flybarless, heli_kit_id, elec_motor_id, engine_id, exhaust_id, speed_control_id, cyclic_servo_id, rudder_servo_id, throttle_servo_id, rudder_gyro_id, fbl_unit_id, receiver_id, governor_id, main_blade_id, tail_blade_id, paddle_id, created_at, updated_at, name) VALUES (19, null, null, null, null, null, null, null, null, null, null, null, null, null, null, null, null, null, null, '2012-05-23 18:19:48.39469', '2012-05-23 18:19:48.39469', null);
INSERT INTO heli_development.public.projects(id, user_id, electric, flybarless, heli_kit_id, elec_motor_id, engine_id, exhaust_id, speed_control_id, cyclic_servo_id, rudder_servo_id, throttle_servo_id, rudder_gyro_id, fbl_unit_id, receiver_id, governor_id, main_blade_id, tail_blade_id, paddle_id, created_at, updated_at, name) VALUES (20, 102, 't', 't', 10, 2, null, null, 2, 1, null, null, null, null, null, null, null, null, null, '2012-05-23 20:47:37.790139', '2012-05-23 20:47:37.790139', 'Trex 700 Electric');
INSERT INTO heli_development.public.receivers(id, part_number, size, channels, manufacturer_id, size_id, name, created_at, updated_at, has_gov, has_volt_reg, has_fbl_unit) VALUES (1, 'SPMAR7110R', '600', 7, 28, 6, null, null, null, null, null, null);
INSERT INTO heli_development.public.receivers(id, part_number, size, channels, manufacturer_id, size_id, name, created_at, updated_at, has_gov, has_volt_reg, has_fbl_unit) VALUES (2, 'FUTL7627', 'All', 7, 27, 9, null, null, null, null, null, null);
INSERT INTO heli_development.public.rudder_gyros(id, part_number, size, manufacturer_id, size_id, name, created_at, updated_at) VALUES (1, 'FUTM0810', 'All', 27, 9, null, null, null);
INSERT INTO heli_development.public.rudder_gyros(id, part_number, size, manufacturer_id, size_id, name, created_at, updated_at) VALUES (2, 'FUTM0822', 'All', 27, 9, null, null, null);
INSERT INTO heli_development.public.rudder_servos(id, part_number, max_torque, max_speed, size, manufacturer_id, size_id, name, created_at, updated_at) VALUES (1, 'FUTM0521', 47, 6, 'All', 27, 9, null, null, null);
INSERT INTO heli_development.public.rudder_servos(id, part_number, max_torque, max_speed, size, manufacturer_id, size_id, name, created_at, updated_at) VALUES (2, 'FUTM0524', 53, 6, 'All', 27, 9, null, null, null);
INSERT INTO heli_development.public.schema_migrations(version) VALUES ('20120514024304');
INSERT INTO heli_development.public.schema_migrations(version) VALUES ('20120504153555');
INSERT INTO heli_development.public.schema_migrations(version) VALUES ('20120504193656');
INSERT INTO heli_development.public.schema_migrations(version) VALUES ('20120504195911');
INSERT INTO heli_development.public.schema_migrations(version) VALUES ('20120507004338');
INSERT INTO heli_development.public.schema_migrations(version) VALUES ('20120510010956');
INSERT INTO heli_development.public.schema_migrations(version) VALUES ('20120511173818');
INSERT INTO heli_development.public.schema_migrations(version) VALUES ('20120514180237');
INSERT INTO heli_development.public.schema_migrations(version) VALUES ('20120514181452');
INSERT INTO heli_development.public.schema_migrations(version) VALUES ('20120514183138');
INSERT INTO heli_development.public.schema_migrations(version) VALUES ('20120514183225');
INSERT INTO heli_development.public.schema_migrations(version) VALUES ('20120514183358');
INSERT INTO heli_development.public.schema_migrations(version) VALUES ('20120514184241');
INSERT INTO heli_development.public.schema_migrations(version) VALUES ('20120514185832');
INSERT INTO heli_development.public.schema_migrations(version) VALUES ('20120515004427');
INSERT INTO heli_development.public.schema_migrations(version) VALUES ('20120515183244');
INSERT INTO heli_development.public.schema_migrations(version) VALUES ('20120515190131');
INSERT INTO heli_development.public.schema_migrations(version) VALUES ('20120515190258');
INSERT INTO heli_development.public.schema_migrations(version) VALUES ('20120515190428');
INSERT INTO heli_development.public.schema_migrations(version) VALUES ('20120515190502');
INSERT INTO heli_development.public.schema_migrations(version) VALUES ('20120515190536');
INSERT INTO heli_development.public.schema_migrations(version) VALUES ('20120515190717');
INSERT INTO heli_development.public.schema_migrations(version) VALUES ('20120515190744');
INSERT INTO heli_development.public.schema_migrations(version) VALUES ('20120515190822');
INSERT INTO heli_development.public.schema_migrations(version) VALUES ('20120515191020');
INSERT INTO heli_development.public.schema_migrations(version) VALUES ('20120515191128');
INSERT INTO heli_development.public.schema_migrations(version) VALUES ('20120515191209');
INSERT INTO heli_development.public.schema_migrations(version) VALUES ('20120515214631');
INSERT INTO heli_development.public.schema_migrations(version) VALUES ('20120515215137');
INSERT INTO heli_development.public.schema_migrations(version) VALUES ('20120516000849');
INSERT INTO heli_development.public.schema_migrations(version) VALUES ('20120516003139');
INSERT INTO heli_development.public.schema_migrations(version) VALUES ('20120516005015');
INSERT INTO heli_development.public.schema_migrations(version) VALUES ('20120516150422');
INSERT INTO heli_development.public.schema_migrations(version) VALUES ('20120516154619');
INSERT INTO heli_development.public.schema_migrations(version) VALUES ('20120516155436');
INSERT INTO heli_development.public.schema_migrations(version) VALUES ('20120516155945');
INSERT INTO heli_development.public.schema_migrations(version) VALUES ('20120516225612');
INSERT INTO heli_development.public.schema_migrations(version) VALUES ('20120517114430');
INSERT INTO heli_development.public.schema_migrations(version) VALUES ('20120517150240');
INSERT INTO heli_development.public.schema_migrations(version) VALUES ('20120517232643');
INSERT INTO heli_development.public.schema_migrations(version) VALUES ('20120520175453');
INSERT INTO heli_development.public.schema_migrations(version) VALUES ('20120520183124');
INSERT INTO heli_development.public.schema_migrations(version) VALUES ('20120520201259');
INSERT INTO heli_development.public.schema_migrations(version) VALUES ('20120520205117');
INSERT INTO heli_development.public.speed_controls(id, part_number, amp_rating, size, manufacturer_id, size_id, name, created_at, updated_at) VALUES (2, '010-0074-01 Phoenix Ice2 HV 60 12S 50V ESC
		
010-0074-01', 60, '600', 41, 6, null, null, null);
INSERT INTO heli_development.public.tail_blades(id, part_number, blade_length, size, manufacturer_id, size_id, name, created_at, updated_at) VALUES (1, 'LE-95', 95, '600', 37, 6, null, null, null);
INSERT INTO heli_development.public.tail_blades(id, part_number, blade_length, size, manufacturer_id, size_id, name, created_at, updated_at) VALUES (2, 'LE-105SE', 105, '700', 37, 7, null, null, null);
INSERT INTO heli_development.public.throttle_servos(id, part_number, max_torque, max_speed, size, manufacturer_id, size_id, name, created_at, updated_at) VALUES (1, 'HSD61001', 180, 8, '600', 2, 6, null, null, null);
INSERT INTO heli_development.public.throttle_servos(id, part_number, max_torque, max_speed, size, manufacturer_id, size_id, name, created_at, updated_at) VALUES (2, 'SAVSC1267MG', 291, 9, '600', 30, 6, null, null, null);
INSERT INTO heli_development.public.users(id, name, email, password_digest, remember_token, created_at, updated_at, admin) VALUES (1, 'Example User', 'example@railstutorial.org', '$2a$10$hgQ4dO/aAe1YS0a7skUgdegySFvsWXqL.YblIDlQ2WXF8F/GtltH2', '-sXwu4XQqxOTOiqpnslEPA', null, null, 'f');
INSERT INTO heli_development.public.users(id, name, email, password_digest, remember_token, created_at, updated_at, admin) VALUES (2, 'Dr. Corine Shanahan', 'example-1@railstutorial.org', '$2a$10$LCHGvXmKbyHuimVasYFpSuZTjtcQpkt6BlrkV45isvVuuD2LlTFwC', 'dpcFxbAZBsRvNrghp7rt2w', null, null, 'f');
INSERT INTO heli_development.public.users(id, name, email, password_digest, remember_token, created_at, updated_at, admin) VALUES (3, 'Euna Conroy', 'example-2@railstutorial.org', '$2a$10$H7VNu2k/ern33KX9bDcE5O9uAMy/W49oHMUUhVoBkh6R96VDzLc9S', '9ZtiCWN29Yz5r9cRHwp8MA', null, null, 'f');
INSERT INTO heli_development.public.users(id, name, email, password_digest, remember_token, created_at, updated_at, admin) VALUES (4, 'Noel McGlynn', 'example-3@railstutorial.org', '$2a$10$hf.Oii88kqxkYRe2jl1W2u.rwBMoEZegYQvDCwm1yicdyJa3caJce', 'KXw7vb90wQQzxpZf8kFVMA', null, null, 'f');
INSERT INTO heli_development.public.users(id, name, email, password_digest, remember_token, created_at, updated_at, admin) VALUES (5, 'Chandler Hoeger IV', 'example-4@railstutorial.org', '$2a$10$rKHlLatqw6DMrzkkXWDoyevvhahwbSY2NZsXqABcmpiIn/e3YAmIC', 'Jiud4STkQM9u-kUX4Atf2A', null, null, 'f');
INSERT INTO heli_development.public.users(id, name, email, password_digest, remember_token, created_at, updated_at, admin) VALUES (6, 'Kiera Marks', 'example-5@railstutorial.org', '$2a$10$sWwktC.Lrc8GTxzPK4Z0u.UQDfNx8pw70AInACsd5faPTTD1O670K', '30lCLV1jxhymr2vEfDPV-g', null, null, 'f');
INSERT INTO heli_development.public.users(id, name, email, password_digest, remember_token, created_at, updated_at, admin) VALUES (7, 'Maybell Armstrong', 'example-6@railstutorial.org', '$2a$10$xrfXewUZPFvg.0jVf9NoveJuib5VvmGYF59WQX1XDtvJ0iyJZ64he', 'vrMvXQ3tZwHKwJUmb9u0KA', null, null, 'f');
INSERT INTO heli_development.public.users(id, name, email, password_digest, remember_token, created_at, updated_at, admin) VALUES (8, 'Emmett Rempel', 'example-7@railstutorial.org', '$2a$10$eOqfnXSVIGNNObvxJ7ZuiOnmEMkPB0/maSyh8CMhKBrAKdfs04Uo2', 'JFy2ppG1tCFzBJvx58gqWw', null, null, 'f');
INSERT INTO heli_development.public.users(id, name, email, password_digest, remember_token, created_at, updated_at, admin) VALUES (9, 'Mr. Duncan Pfeffer', 'example-8@railstutorial.org', '$2a$10$BzEgsL3MhtCS9/yr.4T3y.bRvsiFDgugpjIlWiiz7z2k27LoebbAi', 'JaqCx4Uw7paz1Jsji8117w', null, null, 'f');
INSERT INTO heli_development.public.users(id, name, email, password_digest, remember_token, created_at, updated_at, admin) VALUES (10, 'Angie Kris', 'example-9@railstutorial.org', '$2a$10$Abf8srpBzoR2hQUuooYwCeOUWr5pDiC53CX1PLA.nYt3G5Kgn./FO', 'MQzihAKlB-1yaGcmqhBj0g', null, null, 'f');
INSERT INTO heli_development.public.users(id, name, email, password_digest, remember_token, created_at, updated_at, admin) VALUES (11, 'Layne Muller DVM', 'example-10@railstutorial.org', '$2a$10$29fi8QHmyvOECoty.gT/Oe5PdgzI6/k1kXt.ScD7pUHivcGYe9KUC', 'Lb2kxFiLUcdlckAitdfKvA', null, null, 'f');
INSERT INTO heli_development.public.users(id, name, email, password_digest, remember_token, created_at, updated_at, admin) VALUES (12, 'Ludie Bruen Jr.', 'example-11@railstutorial.org', '$2a$10$VSXXQ4lKV6PUkQGtnCPu.euqeE17u9p2RGb9PGQb.oc/ptpBMR5xa', '6dWZkyD1Bd8N1iJzE1XDbQ', null, null, 'f');
INSERT INTO heli_development.public.users(id, name, email, password_digest, remember_token, created_at, updated_at, admin) VALUES (13, 'Gideon Hintz', 'example-12@railstutorial.org', '$2a$10$22D6mayxhATAh/DeMrspQu.sFE5l68Bk8n/tTOpMVGwCkk/QGM68u', 'tD-xUzZrIjbBGZ_P25NiLg', null, null, 'f');
INSERT INTO heli_development.public.users(id, name, email, password_digest, remember_token, created_at, updated_at, admin) VALUES (14, 'Nikko Kozey', 'example-13@railstutorial.org', '$2a$10$.hk.qgR6sYGJ7PcXnPaIkeQ3JXn/OnnGQteZbmWWdV9uwNH3Ut51C', 'EVTTKrsmTli1v6ZJByEZRg', null, null, 'f');
INSERT INTO heli_development.public.users(id, name, email, password_digest, remember_token, created_at, updated_at, admin) VALUES (15, 'Estella Bernier', 'example-14@railstutorial.org', '$2a$10$XpiaO0D/ouYfu/kCTG6V4.PBZPaQlOXvRlntD0mVZ6UbW8SGn8F8e', 'XKLpd9zdRj2LJ2eQTr44Dg', null, null, 'f');
INSERT INTO heli_development.public.users(id, name, email, password_digest, remember_token, created_at, updated_at, admin) VALUES (16, 'Rowland Schmitt', 'example-15@railstutorial.org', '$2a$10$XqLsJD1DekgznZ8FpbHDM.as4r6sVsLkiji4nsB7Q9y8WLwlujTMi', 'emudUds6ACFcAdWfY8EgDQ', null, null, 'f');
INSERT INTO heli_development.public.users(id, name, email, password_digest, remember_token, created_at, updated_at, admin) VALUES (17, 'Cecile Cormier', 'example-16@railstutorial.org', '$2a$10$KH1wVOVN8DAssXb63..Ipu2HSoHGWL62wwmiE5NhYwBq9CyPtGx/O', 'gDk6HdO5e4Sxq_bJ5ujEUQ', null, null, 'f');
INSERT INTO heli_development.public.users(id, name, email, password_digest, remember_token, created_at, updated_at, admin) VALUES (18, 'Aniya Marquardt Sr.', 'example-17@railstutorial.org', '$2a$10$CnrMKaHaBnU0HIc2ObW/ZOngN0/q1Gk47h14wFBx9D78.ElEuWMMG', '_F4QH2qlO-x3og7qZSBbxw', null, null, 'f');
INSERT INTO heli_development.public.users(id, name, email, password_digest, remember_token, created_at, updated_at, admin) VALUES (19, 'Edd Cremin', 'example-18@railstutorial.org', '$2a$10$vnmqK/fSGI9DvrAdL9HWVOC9SvVpsgblkP.lRSy7Jv1KPqKPpzU2C', 'TJ6jjzI3MOqbF39UnFx-VQ', null, null, 'f');
INSERT INTO heli_development.public.users(id, name, email, password_digest, remember_token, created_at, updated_at, admin) VALUES (20, 'Miss Abigayle Hammes', 'example-19@railstutorial.org', '$2a$10$zVcCcJbSP4xDh2o/AklkhO12kZeGLR9TYsZvFTMMXq51ERMvq6yG.', 'PK6CpYFhGsxauQRvGQ9WHA', null, null, 'f');
INSERT INTO heli_development.public.users(id, name, email, password_digest, remember_token, created_at, updated_at, admin) VALUES (21, 'Victor Jakubowski', 'example-20@railstutorial.org', '$2a$10$EK3OtsJpgXl7FKIPGHxkvO..fXETVuHx558jgtOzF9o7zJxYj7xbO', 'Hv4Q7kh9IKynUVycXHWnpg', null, null, 'f');
INSERT INTO heli_development.public.users(id, name, email, password_digest, remember_token, created_at, updated_at, admin) VALUES (22, 'Rubye Goldner', 'example-21@railstutorial.org', '$2a$10$vLc3OT/U4e/8d4PLoxCobeF3/mXgbupWgcSa9zR/cyY4v9pmyjaEO', 'SP1W19w0BkyN7WvWX1I15w', null, null, 'f');
INSERT INTO heli_development.public.users(id, name, email, password_digest, remember_token, created_at, updated_at, admin) VALUES (23, 'Louisa Murray', 'example-22@railstutorial.org', '$2a$10$A6geq8e2azEGU.c0IUuGMec21FOdIoJoU52eIJF3b6jBYAc1QOzna', '0L2wklrNERKwvhO2WET0uQ', null, null, 'f');
INSERT INTO heli_development.public.users(id, name, email, password_digest, remember_token, created_at, updated_at, admin) VALUES (24, 'Eunice Rice', 'example-23@railstutorial.org', '$2a$10$8C2LyNguubCMRWtd4M23duWkkzI2wP7eDLHi3hQS1O1Oem0QbuAfa', '7hyO7I149WYb6yBjzk-g3w', null, null, 'f');
INSERT INTO heli_development.public.users(id, name, email, password_digest, remember_token, created_at, updated_at, admin) VALUES (25, 'Beverly Jerde', 'example-24@railstutorial.org', '$2a$10$ZthmZAHoq8wvMiGG2FhjoeMmZLFdJoQ6RB4aAmm4WyYxKKSP.ZmDe', '2_x5FHtiNCZK7bmpy4S6ug', null, null, 'f');
INSERT INTO heli_development.public.users(id, name, email, password_digest, remember_token, created_at, updated_at, admin) VALUES (26, 'Dr. Avery Conroy', 'example-25@railstutorial.org', '$2a$10$IvhunDoZGdTRnmECCvLqSuW5daDWWd6qI8TI9RxG4uAv39G8N.QAW', '0o1pP9qzh_eVdtpzY3AjRA', null, null, 'f');
INSERT INTO heli_development.public.users(id, name, email, password_digest, remember_token, created_at, updated_at, admin) VALUES (27, 'Helga Torphy', 'example-26@railstutorial.org', '$2a$10$JTGcbaf9ZaEcYs8nuyjYre5yfrw02tvD/uiDB7S8iLlxGoCa5TZUy', '2MwJRY1G1QgY5rvc-ZneNQ', null, null, 'f');
INSERT INTO heli_development.public.users(id, name, email, password_digest, remember_token, created_at, updated_at, admin) VALUES (28, 'Madalyn Donnelly', 'example-27@railstutorial.org', '$2a$10$nR4oS01xkOmBu9D3hUlBIe.uTi5P3bTfnYwx3V7sEVjTkjv8fpHUe', 'MavKCrx26rz4vg5vSC5AFg', null, null, 'f');
INSERT INTO heli_development.public.users(id, name, email, password_digest, remember_token, created_at, updated_at, admin) VALUES (29, 'Bert Turner', 'example-28@railstutorial.org', '$2a$10$LlHaSf3j2IpH95xebhKgXeRLw862M13ySkKoKbF0nk5LwEgRLxadi', 'u1oDGJhvOamNvob5q0QCZQ', null, null, 'f');
INSERT INTO heli_development.public.users(id, name, email, password_digest, remember_token, created_at, updated_at, admin) VALUES (30, 'Andres Yundt', 'example-29@railstutorial.org', '$2a$10$APZkwnZnk6mKCUFD1xv.4uZRhTgKZhLDGV2eyzEyk5Du0lT17BuXm', 'ZzFGSTuMMp-V6ivr1B1e6w', null, null, 'f');
INSERT INTO heli_development.public.users(id, name, email, password_digest, remember_token, created_at, updated_at, admin) VALUES (31, 'Lola Torp', 'example-30@railstutorial.org', '$2a$10$bwMpnIkELfIDm0q6xIEyg.Nnp9x1R8qSElH3KA9JfCbPQU.ao.azq', '2K6Ub4f_GyzhgDgkYk2v8A', null, null, 'f');
INSERT INTO heli_development.public.users(id, name, email, password_digest, remember_token, created_at, updated_at, admin) VALUES (32, 'Lera Rogahn DVM', 'example-31@railstutorial.org', '$2a$10$3xKyt6Ws4hxZGGUsgaW6r.bfDv3Eg17O.YEXCWszKCRlTKfHRQQSa', 'VTyjuNLI17gE4rb2TdGqnw', null, null, 'f');
INSERT INTO heli_development.public.users(id, name, email, password_digest, remember_token, created_at, updated_at, admin) VALUES (33, 'Bernita McDermott', 'example-32@railstutorial.org', '$2a$10$mNem1.vwYPuonuMybfsJi.YTZOMrNoCt4eLgbrFxyhjwO1ZXyzZvG', 'hhbRypPqHM1F9BhsdKEKPQ', null, null, 'f');
INSERT INTO heli_development.public.users(id, name, email, password_digest, remember_token, created_at, updated_at, admin) VALUES (34, 'Ms. Jayden Metz', 'example-33@railstutorial.org', '$2a$10$U0gSxm57/K9Ulhk8Y53gpujfgT9r080YZ6U8mub02S9hZPJMS7x5e', 's1-RSX8OBLtRWPmiwgfIAw', null, null, 'f');
INSERT INTO heli_development.public.users(id, name, email, password_digest, remember_token, created_at, updated_at, admin) VALUES (35, 'Ms. Nella McCullough', 'example-34@railstutorial.org', '$2a$10$kg7kQv32TG0RTaX7oWTjgeNl2YXPTBYdjZ53ApSSBy9TQJ4Dh8cfu', 'MOiMiwGfy6VTKi9jvsarOA', null, null, 'f');
INSERT INTO heli_development.public.users(id, name, email, password_digest, remember_token, created_at, updated_at, admin) VALUES (36, 'Friedrich Thompson', 'example-35@railstutorial.org', '$2a$10$s0pUJbdoj6OWfkJx5xQ5ku1JXGIp5f3g7GdwMpiJYp3LF0RQTPNl6', 'hBcuBT4CZwf6sCHWIQTU_Q', null, null, 'f');
INSERT INTO heli_development.public.users(id, name, email, password_digest, remember_token, created_at, updated_at, admin) VALUES (37, 'Wilma Goldner', 'example-36@railstutorial.org', '$2a$10$uRWkQfNC9Bq20XT8D5f1fOdkpCB77yBBct9Nypdb1lSG3O/QvZaQS', 'F8M4QZ0qukxdDHxkF6LhzA', null, null, 'f');
INSERT INTO heli_development.public.users(id, name, email, password_digest, remember_token, created_at, updated_at, admin) VALUES (38, 'Jayde Boyle', 'example-37@railstutorial.org', '$2a$10$5Nfj.mnwy/kCnbLCMYUJvemuBuG2uhIYTMLtOBZNZuyrG5GxYhbF6', 'LJibV1Zw9Zrts8oa8lCRCA', null, null, 'f');
INSERT INTO heli_development.public.users(id, name, email, password_digest, remember_token, created_at, updated_at, admin) VALUES (39, 'Zelda Tremblay', 'example-38@railstutorial.org', '$2a$10$vwfGPsMFFLY.hePnOmqoeORQz4u2dt8viB/k4ABs9B7R78xdw.Pse', '5JE12tupPnTrJJVAlGq8Pw', null, null, 'f');
INSERT INTO heli_development.public.users(id, name, email, password_digest, remember_token, created_at, updated_at, admin) VALUES (40, 'Joanny Yost', 'example-39@railstutorial.org', '$2a$10$WpK/BHt4cP3qQ0Y8YJoQz.oSYHzY90INTA6dW2GPwZoJ.zvNfgeCG', 'nB5JrYLlOdnsLgXw48LAJA', null, null, 'f');
INSERT INTO heli_development.public.users(id, name, email, password_digest, remember_token, created_at, updated_at, admin) VALUES (41, 'Rebeka Bednar', 'example-40@railstutorial.org', '$2a$10$qlp14ouMvpyIFsKLgeTu8ODcpBkLrt8zUe0iFLds8OhP2Y4rQSudK', '_CiBFABNOubdVv98EfB6Gw', null, null, 'f');
INSERT INTO heli_development.public.users(id, name, email, password_digest, remember_token, created_at, updated_at, admin) VALUES (42, 'Asia Fadel III', 'example-41@railstutorial.org', '$2a$10$fpSrwrQd.X8oLv6pWliEc.dpFXyu3tyuQ/N64RdPQHzmHBrUgxNKW', 'xHxA178FwbYVVkDbH1czSw', null, null, 'f');
INSERT INTO heli_development.public.users(id, name, email, password_digest, remember_token, created_at, updated_at, admin) VALUES (43, 'Kimberly Pfeffer IV', 'example-42@railstutorial.org', '$2a$10$f4nR5xPW4nHRTQj0oSGzGu4GORhB24un4hLpIFFYfx7vKyfu72/6a', 'GO6IEQZeIiC32rKcQr24Qg', null, null, 'f');
INSERT INTO heli_development.public.users(id, name, email, password_digest, remember_token, created_at, updated_at, admin) VALUES (44, 'Burdette Olson III', 'example-43@railstutorial.org', '$2a$10$SFKil19e46pbc5GkkhSOoOOjzSgtAuYAFVTzOw2YOS1y.PXxv2u.m', 'YpFLIaa_jefDepWnsqfVXQ', null, null, 'f');
INSERT INTO heli_development.public.users(id, name, email, password_digest, remember_token, created_at, updated_at, admin) VALUES (45, 'Idella Mante V', 'example-44@railstutorial.org', '$2a$10$flY8BYQRiURFYz0.NkULPOJQ9XsQ6DKtPEAcv/UmH278durVz4HvC', '7ZN1p4uM1wuREblxyItQ4w', null, null, 'f');
INSERT INTO heli_development.public.users(id, name, email, password_digest, remember_token, created_at, updated_at, admin) VALUES (46, 'Mr. Levi Murray', 'example-45@railstutorial.org', '$2a$10$uVaQitSyErpSF/01HHbLX.INiwAtkag8sGcvSdqx2R7N.JZGCNESm', 'ThS2NpZhvh694_HeNlI9wA', null, null, 'f');
INSERT INTO heli_development.public.users(id, name, email, password_digest, remember_token, created_at, updated_at, admin) VALUES (47, 'Ms. Mathilde Paucek', 'example-46@railstutorial.org', '$2a$10$gulYbqVHB4M5PKHFEvDLWesK.GJuPn2EBMWJWwSGmav59wOBv8lSy', 'Nem2XTkvi8Lawt49I8AnJQ', null, null, 'f');
INSERT INTO heli_development.public.users(id, name, email, password_digest, remember_token, created_at, updated_at, admin) VALUES (48, 'Miss Domenico Kohler', 'example-47@railstutorial.org', '$2a$10$uDaNrIn652tcClj0jnJ/nexTcBmS.U/.ssXI/id3.smXIx2TthmDm', 'Yd2rgfJdeSBWe8Lp6iOgQA', null, null, 'f');
INSERT INTO heli_development.public.users(id, name, email, password_digest, remember_token, created_at, updated_at, admin) VALUES (49, 'Catalina Hermann', 'example-48@railstutorial.org', '$2a$10$P/OHhsIBSakTMV1IHxjee.KJS6tghFDQHFaapy2/ecyk7WhxOwyhi', '0W72tEd3oebIgbHISDEi2w', null, null, 'f');
INSERT INTO heli_development.public.users(id, name, email, password_digest, remember_token, created_at, updated_at, admin) VALUES (50, 'Izabella Breitenberg', 'example-49@railstutorial.org', '$2a$10$SajRDzATKxJE8hulM6ZFsu3Fm25SVhfv3g3let0tdDI.rDntaqYWW', 'l1QHWKkhHbCs_Lqt58bZPg', null, null, 'f');
INSERT INTO heli_development.public.users(id, name, email, password_digest, remember_token, created_at, updated_at, admin) VALUES (51, 'Cullen Jenkins MD', 'example-50@railstutorial.org', '$2a$10$/SZNdaQ5ins3KNv.DS6WAe1cMH/DTQOkS5PKPa89AEA1o3pRTsF1W', 'AEKeRbvBXK3jxzXQyO6RUA', null, null, 'f');
INSERT INTO heli_development.public.users(id, name, email, password_digest, remember_token, created_at, updated_at, admin) VALUES (52, 'Mina Dibbert Jr.', 'example-51@railstutorial.org', '$2a$10$RrzI2RAX6XDFZtKk5U6PROkUh8o7u1W22d7N4BvaCFmVHI6kItGEe', '_NfZ-cbOrBwcS7LGA3bGeA', null, null, 'f');
INSERT INTO heli_development.public.users(id, name, email, password_digest, remember_token, created_at, updated_at, admin) VALUES (53, 'Thomas Collier', 'example-52@railstutorial.org', '$2a$10$XJsC9AiqiSkr3H9oCu5xWev1vUcmsl6xZFvOTv0QCEJq9NpWEBE1G', 'X-5RvgE1ESHyB1tx0DVSWg', null, null, 'f');
INSERT INTO heli_development.public.users(id, name, email, password_digest, remember_token, created_at, updated_at, admin) VALUES (54, 'Alden Kozey', 'example-53@railstutorial.org', '$2a$10$Wg1ef/7DvT2D8Kz1HzQY3.COSSiMEXGz.I8GJwnbNKcfM1IcCjkNm', '7R1uHiNs43Ge0sHI6RRmeQ', null, null, 'f');
INSERT INTO heli_development.public.users(id, name, email, password_digest, remember_token, created_at, updated_at, admin) VALUES (55, 'Griffin Bahringer', 'example-54@railstutorial.org', '$2a$10$hMNh0eZtxdk55xFxvPTPzeNAI1ZI/FPnNQtZUbb.tTWfr0PTnhwae', 'dKSqBYeJJ6TdDPsjh6_iog', null, null, 'f');
INSERT INTO heli_development.public.users(id, name, email, password_digest, remember_token, created_at, updated_at, admin) VALUES (56, 'Rollin Larson', 'example-55@railstutorial.org', '$2a$10$vbNc/jwrGnDNA/mlehhwe.V5gqQkFBtstkFfy7ZRSaKKknyaKVaeC', 'c_p9ZBi0O7yAgTfTjz1sKw', null, null, 'f');
INSERT INTO heli_development.public.users(id, name, email, password_digest, remember_token, created_at, updated_at, admin) VALUES (57, 'Julio Ratke', 'example-56@railstutorial.org', '$2a$10$Z0c7zB2Wcc6nF1/psttQ6uUmyIS/y8ID5x2rAuNImrbkxTKJpYHi.', 'OhV28Xia5bVqR9fBfXnLMA', null, null, 'f');
INSERT INTO heli_development.public.users(id, name, email, password_digest, remember_token, created_at, updated_at, admin) VALUES (58, 'Nicklaus Marquardt', 'example-57@railstutorial.org', '$2a$10$fc1ZCXoZAaRbYyyep0x5aOH2.b2uxJt72IHGfY5V0Hi6WAb/Kv.lC', 'S9EG3nNysoJK1FJMeSBESQ', null, null, 'f');
INSERT INTO heli_development.public.users(id, name, email, password_digest, remember_token, created_at, updated_at, admin) VALUES (59, 'Mr. Elena Gislason', 'example-58@railstutorial.org', '$2a$10$HIle5YwLE9wU2ZY4fA9Tv.cd3fTKM.icT3Hd/Jf1bue4TqN72.97.', '9bZdDmomQJEIm0uTSHUVpQ', null, null, 'f');
INSERT INTO heli_development.public.users(id, name, email, password_digest, remember_token, created_at, updated_at, admin) VALUES (60, 'Valerie Reilly I', 'example-59@railstutorial.org', '$2a$10$20eJljXo0Mnakl0vLX2kTuXgt1IeirKtenOgQSIK6UnlKSZt3RqtS', 'LbknTapXHFNOpapJUaoHHQ', null, null, 'f');
INSERT INTO heli_development.public.users(id, name, email, password_digest, remember_token, created_at, updated_at, admin) VALUES (61, 'Johnnie Mertz', 'example-60@railstutorial.org', '$2a$10$BPBdhuHgwSTLsWz7btknyOtBC1yFKqnJZeMNkOC2fINYeoJxSp1H6', '41ATSzkfa1o7fnHtReGhyQ', null, null, 'f');
INSERT INTO heli_development.public.users(id, name, email, password_digest, remember_token, created_at, updated_at, admin) VALUES (62, 'Chyna Bayer', 'example-61@railstutorial.org', '$2a$10$KRyso7TmEJ/ZSn.wWIcnZ.bfnY2BgX8uFUqnlmmivrEfe/k2fE/T6', 'hQf-ey5hSd5_F196sst-6A', null, null, 'f');
INSERT INTO heli_development.public.users(id, name, email, password_digest, remember_token, created_at, updated_at, admin) VALUES (63, 'Nicholas Streich', 'example-62@railstutorial.org', '$2a$10$.Q0Qjv9i4MHdpOeOFPvoH.Txk7W2PRyvLvunO5uXzSaPPP0GVSRNO', 'xmjnOcESf-Rra3CO0P9-zg', null, null, 'f');
INSERT INTO heli_development.public.users(id, name, email, password_digest, remember_token, created_at, updated_at, admin) VALUES (64, 'Kenya Pagac', 'example-63@railstutorial.org', '$2a$10$HRnC46wz4f8ZBD1wE24DrufAEAUu9YD1Ezp29PKiYMGOBEggA2jn6', 'B3v49hUI_ok9X2QP47XpOQ', null, null, 'f');
INSERT INTO heli_development.public.users(id, name, email, password_digest, remember_token, created_at, updated_at, admin) VALUES (65, 'Sarina Graham', 'example-64@railstutorial.org', '$2a$10$H96J.sHP72uTLxaUaYbNPOpZ17EvgtDU5wc3noEnDs.horijQUoZ2', '7sKphsNuirM9nnx48CkDsg', null, null, 'f');
INSERT INTO heli_development.public.users(id, name, email, password_digest, remember_token, created_at, updated_at, admin) VALUES (66, 'Laron Tillman', 'example-65@railstutorial.org', '$2a$10$R9jlhh1TEBfnBQz/An7shu7WxGryRTkJP0Cq4uuqK1j3tk6KA38n2', 'vhgVGUX19iEiqwMKX5iMrg', null, null, 'f');
INSERT INTO heli_development.public.users(id, name, email, password_digest, remember_token, created_at, updated_at, admin) VALUES (67, 'Ms. Abdiel Koelpin', 'example-66@railstutorial.org', '$2a$10$ZWDW/a3r3DTWWZOS7pW57OtiMxxE4aP2KLR.Xl.e1OjJSJbNTzQ5e', '6WrlvBlThAPL5UtYxZwsTA', null, null, 'f');
INSERT INTO heli_development.public.users(id, name, email, password_digest, remember_token, created_at, updated_at, admin) VALUES (68, 'Titus Gutmann Jr.', 'example-67@railstutorial.org', '$2a$10$BCWFdKYbKTw6zc8CzqmM8uXOKmG.IDTt7XPhzgiGBIXLFGUNtkYAi', 'm3-jwpTtXVNe3Rw48B-WZQ', null, null, 'f');
INSERT INTO heli_development.public.users(id, name, email, password_digest, remember_token, created_at, updated_at, admin) VALUES (69, 'Shannon Eichmann', 'example-68@railstutorial.org', '$2a$10$dWUOdMra2lzHH2Ns2qHpX.tTANMfciBCScwWj2M6dQyrYswFW/X2m', 'SUxh80aXWr3nG89pvjMjxg', null, null, 'f');
INSERT INTO heli_development.public.users(id, name, email, password_digest, remember_token, created_at, updated_at, admin) VALUES (70, 'Carmella Leannon', 'example-69@railstutorial.org', '$2a$10$pUXRUoCjIsk7gwwM/sUWbOXOmbjBw3ZZtzYlVoN86UHQAaC5uOtfm', 'POrEiQGx2NXNsX6SXXRd0w', null, null, 'f');
INSERT INTO heli_development.public.users(id, name, email, password_digest, remember_token, created_at, updated_at, admin) VALUES (71, 'Kim Wolff', 'example-70@railstutorial.org', '$2a$10$HEm2pbTJlvca1gpLUSFBJOGK/Ruk7DE3YrbWD38ZZ7FQKn3yiIcBS', 'lPByAFLY0ncT2fUj5eQayg', null, null, 'f');
INSERT INTO heli_development.public.users(id, name, email, password_digest, remember_token, created_at, updated_at, admin) VALUES (72, 'Zion Gleason DDS', 'example-71@railstutorial.org', '$2a$10$YMJCAeH2MH0wY..Oswm5veOhmSgb4fzjKaIBcONWslYhO6WfrgZ2C', 'bQgEjtpXd9B8XTH0QuUL4Q', null, null, 'f');
INSERT INTO heli_development.public.users(id, name, email, password_digest, remember_token, created_at, updated_at, admin) VALUES (73, 'Oleta Blick', 'example-72@railstutorial.org', '$2a$10$SsjQEKtRq.7RqNrak972lOLbMd7YU7.gmnfjnHujzle1bsYvXYZ8a', 'a_UFYHaPhQDweGbSzWeggw', null, null, 'f');
INSERT INTO heli_development.public.users(id, name, email, password_digest, remember_token, created_at, updated_at, admin) VALUES (74, 'Maxime Dicki', 'example-73@railstutorial.org', '$2a$10$0tRgxKC0Al6GM4nR5ouBNedNXCGykJh3EQSmj6W3sObsPeIJhNwhK', '_Gkp0ac--dvxUnXf59gG_g', null, null, 'f');
INSERT INTO heli_development.public.users(id, name, email, password_digest, remember_token, created_at, updated_at, admin) VALUES (75, 'Delores Greenholt', 'example-74@railstutorial.org', '$2a$10$h5gqTwkRqVm9X5ZabjvMgegOfJGDj4kBC24faWpMr1qc5QwnqwRxO', 'B16bLZrXgPdbhTR93u1yeA', null, null, 'f');
INSERT INTO heli_development.public.users(id, name, email, password_digest, remember_token, created_at, updated_at, admin) VALUES (76, 'Baylee Schimmel', 'example-75@railstutorial.org', '$2a$10$jDmpWkYEl42QHnWYJILL..1Zs9Ps8wvd2aoNTMhu56WkD79WoD8yC', 'ovWRxDXdsuCSrAOLDpaCFw', null, null, 'f');
INSERT INTO heli_development.public.users(id, name, email, password_digest, remember_token, created_at, updated_at, admin) VALUES (77, 'Miss Everett Ledner', 'example-76@railstutorial.org', '$2a$10$EPUyTy.oJumU7MJVyGh92eligI9E2H8qQLK2.kAzptPY8ENkRKZb6', 'qLBk8u7lsyLSeNsgThszmg', null, null, 'f');
INSERT INTO heli_development.public.users(id, name, email, password_digest, remember_token, created_at, updated_at, admin) VALUES (78, 'Maureen Ziemann Jr.', 'example-77@railstutorial.org', '$2a$10$bjCMjSAe39Y5OqoWFLF6Mere9pug6o7OmyS4Y8T9vAxHYl8cfAh7m', 'w2wJGHuPkH1E72GZwv2hOg', null, null, 'f');
INSERT INTO heli_development.public.users(id, name, email, password_digest, remember_token, created_at, updated_at, admin) VALUES (79, 'Hans Wunsch', 'example-78@railstutorial.org', '$2a$10$cnP/QHSS42qS.3R2Lf6VzetEBm/WNeg2ruFtdz4HWdzlhNw586Pbm', '33FvrTRs3ByVb1EIfsN1CA', null, null, 'f');
INSERT INTO heli_development.public.users(id, name, email, password_digest, remember_token, created_at, updated_at, admin) VALUES (80, 'Adolfo Herman', 'example-79@railstutorial.org', '$2a$10$PlRNc0xxIVVZNbrswvTV8.E6PWxUy56UZieyXcjD/Oi8RgEyO1MWW', '-oJWYkREfOdQT_fEPE_2tQ', null, null, 'f');
INSERT INTO heli_development.public.users(id, name, email, password_digest, remember_token, created_at, updated_at, admin) VALUES (81, 'Lyda Johnson', 'example-80@railstutorial.org', '$2a$10$lfbEIQT74TJ5ZTgiHL5Ij.MBgty1N5kcgSevQduDgmWuHKI7MXwp6', 'w_uhRL1FU8Yq2lrMI-JmRQ', null, null, 'f');
INSERT INTO heli_development.public.users(id, name, email, password_digest, remember_token, created_at, updated_at, admin) VALUES (82, 'Christiana Bechtelar', 'example-81@railstutorial.org', '$2a$10$gQdVt8uaM229wS6lfJE1BOmoMFUataYbz3GAqZ7O.PHeSPWiX8bwW', 'A96B2SJNgLE3RPtuaeRNng', null, null, 'f');
INSERT INTO heli_development.public.users(id, name, email, password_digest, remember_token, created_at, updated_at, admin) VALUES (83, 'Dr. Javier Hilll', 'example-82@railstutorial.org', '$2a$10$KIA8w8U96T7bbX5Fv29rgeyQiXN2ix.yOQ/60PAR2w9FBxTchuzNe', 'Y3SfN5kD5PW_rqyUmHmaXQ', null, null, 'f');
INSERT INTO heli_development.public.users(id, name, email, password_digest, remember_token, created_at, updated_at, admin) VALUES (84, 'Kirsten Wiza', 'example-83@railstutorial.org', '$2a$10$2U4m0cMfgsy0xOJj/F0JNuJZCJnGbX.uDof691Iwt4903xnR2PYHS', 'TTIx6_vuVk9_4PMsBV8UkA', null, null, 'f');
INSERT INTO heli_development.public.users(id, name, email, password_digest, remember_token, created_at, updated_at, admin) VALUES (85, 'Shanny Greenholt', 'example-84@railstutorial.org', '$2a$10$2kojQDDWzyxwZOB/xeG8c.gFpfEKjdNjI0L3V6l.fJ6OQu5JwcSiy', 'zV3F_T_g-c8YDRyXxWFJtA', null, null, 'f');
INSERT INTO heli_development.public.users(id, name, email, password_digest, remember_token, created_at, updated_at, admin) VALUES (86, 'Henriette Rath', 'example-85@railstutorial.org', '$2a$10$A5cAB/poknBCTIXOce5NmuWbsK3tJA7AkiP0sVkR.w3rMcRkQjntK', 'y1z1biU4lVjgy0xvnju0mw', null, null, 'f');
INSERT INTO heli_development.public.users(id, name, email, password_digest, remember_token, created_at, updated_at, admin) VALUES (87, 'Jensen Dietrich', 'example-86@railstutorial.org', '$2a$10$PdYloLhWtrbZCAnW0X9R7u3F0rnrqkzQAoONWlaUtCS6lYfNsN2Y.', 'NTbGq2Zb5RnJkpks-h6mgQ', null, null, 'f');
INSERT INTO heli_development.public.users(id, name, email, password_digest, remember_token, created_at, updated_at, admin) VALUES (88, 'Demario Cole DDS', 'example-87@railstutorial.org', '$2a$10$1Yd9aljAHJXAXNz43y3nfOkNc8KpxegcJ/cLJE/ARUfYOiIROqYRu', 'RnfYe4j3CC3xqk9oFAckkQ', null, null, 'f');
INSERT INTO heli_development.public.users(id, name, email, password_digest, remember_token, created_at, updated_at, admin) VALUES (89, 'Kacey Mills', 'example-88@railstutorial.org', '$2a$10$bB5pz4DuNwVsDckyEW62K.IhxI02H6lz.0o59ucgSM.YN.D5vjj3i', 'kDxOm_kT6mZDGDeTwQuaww', null, null, 'f');
INSERT INTO heli_development.public.users(id, name, email, password_digest, remember_token, created_at, updated_at, admin) VALUES (90, 'Mrs. Jake Considine', 'example-89@railstutorial.org', '$2a$10$rG2Ab8vq/kFjQUh95A0ule4HoRGYHzSjMXTy4D92uVatsQssZamzi', 'F19Um3h1dluY5Og7K--c_g', null, null, 'f');
INSERT INTO heli_development.public.users(id, name, email, password_digest, remember_token, created_at, updated_at, admin) VALUES (91, 'Ramona Cremin', 'example-90@railstutorial.org', '$2a$10$PJZlS4FYNUcgVjdBeJL82eSnOd9OPFLn9V7VL5wytJDFeO8klTkt6', 'DT7cfbYy7MZMxcnOBP9rLA', null, null, 'f');
INSERT INTO heli_development.public.users(id, name, email, password_digest, remember_token, created_at, updated_at, admin) VALUES (92, 'Tiffany Kassulke', 'example-91@railstutorial.org', '$2a$10$mydaxsONg/E3a02dvyP0Cum5/McDF1ExKox5xpdY/IhDOMnnq7WHa', 'oD1eKjkASgkBl2DMGkYutw', null, null, 'f');
INSERT INTO heli_development.public.users(id, name, email, password_digest, remember_token, created_at, updated_at, admin) VALUES (93, 'Casimir Kemmer', 'example-92@railstutorial.org', '$2a$10$xAd9rA16/amKvDSJClIACe/V1gODf5hFLbC9VzxM12P6tB1sojPoS', 'BtsUGxVxJwnT6NJPL9PQDQ', null, null, 'f');
INSERT INTO heli_development.public.users(id, name, email, password_digest, remember_token, created_at, updated_at, admin) VALUES (94, 'Mrs. Mellie Corkery', 'example-93@railstutorial.org', '$2a$10$b3oIgf6q8KNvptD/gypatetWpkaj4IVHJwDJNBHLpbVPLpYkCKpXW', 'Us6Zo70tYKEHVJ2pNjXWiw', null, null, 'f');
INSERT INTO heli_development.public.users(id, name, email, password_digest, remember_token, created_at, updated_at, admin) VALUES (95, 'Rachelle Funk', 'example-94@railstutorial.org', '$2a$10$l17uySO5tmhBDEyJuL4IquRZVOm/DP8lJRD3EE9DUa1DAD8GgxHiS', 'LfxwLTGmIgFqwL-zFAG-bg', null, null, 'f');
INSERT INTO heli_development.public.users(id, name, email, password_digest, remember_token, created_at, updated_at, admin) VALUES (96, 'Broderick Crist V', 'example-95@railstutorial.org', '$2a$10$5LQoVJczlRgq2KIDCmA6tOPuIYH9seUuXWUguF/VOoufUKIuUWIpu', 'GRIkCEyqvyEyAwGe3-nO8w', null, null, 'f');
INSERT INTO heli_development.public.users(id, name, email, password_digest, remember_token, created_at, updated_at, admin) VALUES (97, 'Mathew Considine', 'example-96@railstutorial.org', '$2a$10$j1KJu2/.eLvONpRoiW.Sh.fwdh5xT.zZA4sdUD7S4BsVBL.E1A3LG', 'miZfWR4qljQn0_veTxh0Uw', null, null, 'f');
INSERT INTO heli_development.public.users(id, name, email, password_digest, remember_token, created_at, updated_at, admin) VALUES (98, 'Benton Kutch', 'example-97@railstutorial.org', '$2a$10$odp5AV4zPUIwc24JGEWj..j/F1I4JPnFB29o6.qsdiJyJwnAYdfwe', 'jdR2-CQlBmk8sCPAtFIHcw', null, null, 'f');
INSERT INTO heli_development.public.users(id, name, email, password_digest, remember_token, created_at, updated_at, admin) VALUES (100, 'Miss Crawford Emmerich', 'example-99@railstutorial.org', '$2a$10$P4PF1v3HqtOq6/fFcIXYku9qiSJr6DlDIP9.Meaolbo1uhm5XZUte', '5SUJmVGrkmWhgOxTsbokcg', null, null, 'f');
INSERT INTO heli_development.public.users(id, name, email, password_digest, remember_token, created_at, updated_at, admin) VALUES (101, 'Christopher Harris', 'chris.harris71@yahoo.com', '$2a$10$XyjRLYflmXD.yRJZXgTy8Odcvc0xaua/uyGhXJ8feLupqJX7/pLhm', 'QD4jlSCMu1xw3dJAT1zCug', null, null, 'f');
INSERT INTO heli_development.public.users(id, name, email, password_digest, remember_token, created_at, updated_at, admin) VALUES (102, 'Christopher Harris', 'redwingsfan71@gmail.com', '$2a$10$0W4PDdflIeRkhU5oax49ruXB.ig3iC8YEs5Wugp9YIrIFm9g8p6fe', 'lUQIvpEK5Tn-gwJYSmU68A', null, null, 't');
